{"files":["euphorbias.softsys.ca_wpvivid-648cbb5bd3e07_2023-06-16-13-43_backup_db.sql"],"tables":[{"name":"wp_frmt_form_reports","size":16384,"rows":"1"},{"name":"wp_nextend2_smartslider3_generators","size":16384,"rows":"0"},{"name":"wp_wpforms_tasks_meta","size":16384,"rows":"3"},{"name":"wp_actionscheduler_claims","size":32768,"rows":"0"},{"name":"wp_actionscheduler_groups","size":32768,"rows":"2"},{"name":"wp_e_events","size":32768,"rows":"2"},{"name":"wp_links","size":32768,"rows":"0"},{"name":"wp_nextend2_image_storage","size":32768,"rows":"13"},{"name":"wp_nextend2_smartslider3_sliders_xref","size":32768,"rows":"12"},{"name":"wp_tec_events","size":32768,"rows":"1"},{"name":"wp_term_relationships","size":32768,"rows":"133"},{"name":"wp_actionscheduler_logs","size":49152,"rows":"83"},{"name":"wp_commentmeta","size":49152,"rows":"0"},{"name":"wp_tec_occurrences","size":49152,"rows":"1"},{"name":"wp_term_taxonomy","size":49152,"rows":"30"},{"name":"wp_termmeta","size":49152,"rows":"0"},{"name":"wp_terms","size":49152,"rows":"30"},{"name":"wp_frmt_form_entry","size":65536,"rows":"4"},{"name":"wp_frmt_form_entry_meta","size":65536,"rows":"10"},{"name":"wp_users","size":65536,"rows":"4"},{"name":"wp_frmt_form_views","size":81920,"rows":"104"},{"name":"wp_comments","size":98304,"rows":"1"},{"name":"wp_actionscheduler_actions","size":131072,"rows":"29"},{"name":"wp_usermeta","size":147456,"rows":"108"},{"name":"wp_nextend2_section_storage","size":163840,"rows":"12"},{"name":"wp_nextend2_smartslider3_sliders","size":196608,"rows":"13"},{"name":"wp_nextend2_smartslider3_slides","size":442368,"rows":"21"},{"name":"wp_postmeta","size":2359296,"rows":"1824"},{"name":"wp_posts","size":7618560,"rows":"839"},{"name":"wp_options","size":11649024,"rows":"638"}],"dump_db":1,"file_type":"databases","home_url":"https:\/\/euphorbias.softsys.ca","root_flag":"custom","php_version":"8.1.18","mysql_version":"10.11.2","wp_version":"6.2.2","file":"euphorbias.softsys.ca_wpvivid-648cbb5bd3e07_2023-06-16-13-43_backup_db.part001.zip"}